professor,label
Chung-Wai Chow,Clinical Medicine
Deryk Beal,Spinal Injury & Rehabilitation
Yu Sun,Cardiac Engineering
Jonathan Rocheleau,Stem Cell Engineering
Christopher Yip,Cell Biologies
Sara S Nunes,Cardiac Engineering
Radhakrishnan Mahadevan,Machine Learning
Hagar Labouta,Machine Learning
Penney Gilbert,Musculoskeletal Regeneration
Alex Mihailidis,Public Health
Steven Prescott,Neurology
Douglas Cheyne,Neurology
Ofer Levi,Cardiac Engineering
Paul Santerre,Tissue Engineering
John Griffiths,Brain Machine Interface
Christopher Bouwmeester,Cardiac Engineering
Karina Carneiro,Tissue Engineering
Benjamin Hatton,Drug Delivery
Anton Zilman,Machine Learning
Bowen Li,Covid-19
Cristina Amon ,Machine Learning
Masoom Haider,Clinical Medicine
Marc Grynpas,Bone Marrow Regeneration
Patricia Trbovich,Public Health
Willy Wong,Machine Learning
Milos Popovic,Neurology
Xinyu Liu,Drug Delivery
Dinesh Kumbhare,Musculoskeletal Regeneration
David Steinman,Cardiac Engineering
Warren Chan,Drug Delivery
Azadeh Kushki,Aging
Molly Shoichet,Stem Cell Engineering
Jan Andrysek,Public Health
Tom Chau,Machine Learning
Elaine Biddiss,Public Health
Robert Weersink,Cancer Research
Yoav Finer,Drug Delivery
Michael Sefton,Animal Model
Paul Yoo,Neurology
Jayson Parker,Cancer Research
Rodrigo Fernandez-Gonzalez,Stem Cell Engineering
Aaron Wheeler,Drug Delivery
Rafael Montenegro Burke,Cancer Research
Lueder Kahrs,Machine Learning
Milica Radisic,Cardiac Engineering
Craig Simmons,Tissue Engineering
Axel Gunther,Stem Cell Engineering
Jos√© Zariffa,Spinal Injury & Rehabilitation
Kevin Truong,Cell Biologies
Michael Garton,Cell Biologies
Eric Diller,Drug Delivery
Babak Taati ,Machine Learning
Ren-Ke Li ,Cardiac Engineering
Robert Harrison,Cardiac Engineering
Alison McGuigan,Stem Cell Engineering
Leo Chou,Drug Delivery
Jean Chen,Brain Machine Interface
Julie Audet,Stem Cell Engineering
Boris Hinz,Stem Cell Engineering
Eugenia Kumacheva,Drug Delivery
Freeman Lan,Stem Cell Engineering
Cindi Morshead,Brain Machine Interface
Piero Triverio,Cardiac Engineering
Dawn Kilkenny,Machine Learning
Daniel Franklin,Drug Delivery
Andreas Mandelis,Machine Learning
Edmond Young,Machine Learning
Omar Khan,Machine Learning
Hai-Ling Margaret Cheng,Stem Cell Engineering
Hani Naguib,Drug Delivery
Rita Kandel,Tissue Engineering
Cari Whyne,Bone Marrow Regeneration
Caitlin Maikawa,Animal Model
Joseph Cafazzo,Public Health
Kei Masani,Spinal Injury & Rehabilitation
Frank Gu,Drug Delivery
Eli Sone,Cell Biologies
Jason Moffat,Genetics
Naomi Matsuura,Cancer Research
Berj Bardakjian,Brain Machine Interface
