time,journal,doi_info,authors,key words,title,abstract
2024 Apr 19,iScience,iScience. 2024 Mar 27;27(4):109591. doi: 10.1016/j.isci.2024.109591. eCollection ,"['Knippler, Christina M', 'Arnst, Jamie L', 'Robinson, Isaac E', 'Matsuk, Veronika', 'Khatib, Tala O', 'Harvey, R Donald', 'Shanmugam, Mala', 'Mouw, Janna K', 'Fu, Haian', 'Ganesh, Thota', 'Marcus, Adam I']","['cancer', 'cell biology', 'cellular physiology']",Bisbiguanide analogs induce mitochondrial stress to inhibit lung cancer cell invasion.,"Targeting cancer metabolism to limit cellular energy and metabolite production is an attractive therapeutic approach. Here, we developed analogs of the bisbiguanide, alexidine, to target lung cancer cell metabolism and assess a structure-activity relationship (SAR). The SAR led to the identification of two analogs, AX-4 and AX-7, that limit cell growth via G1/G0 cell-cycle arrest and are tolerated in vivo with favorable pharmacokinetics. Mechanistic evaluation revealed that AX-4 and AX-7 induce potent mitochondrial defects; mitochondrial cristae were deformed and the mitochondrial membrane potential was depolarized. Additionally, cell metabolism was rewired, as indicated by reduced oxygen consumption and mitochondrial ATP production, with an increase in extracellular lactate. Importantly, AX-4 and AX-7 impacted overall cell behavior, as these compounds reduced collective cell invasion. Taken together, our study establishes a class of bisbiguanides as effective mitochondria and cell invasion disrupters, and proposes bisbiguanides as promising approaches to limiting cancer metastasis."
2024 Jun 3,The Journal of cell biology,J Cell Biol. 2024 Jun 3;223(6):e202308080. doi: 10.1083/jcb.202308080. Epub 2024 ,"['Yoon, Sung Bo', 'Chen, Luxiao', 'Robinson, Isaac E', 'Khatib, Tala O', 'Arthur, Robert A', 'Claussen, Henry', 'Zohbi, Najdat M', 'Wu, Hao', 'Mouw, Janna K', 'Marcus, Adam I']","['humans', 'cell movement', 'integrin alpha6beta4 genetics', 'kalinin', ' laminin genetics metabolism', 'neoplasms genetics', 'symbiosis', 'animals', 'mice', 'cell line, tumor', ' rac1 gtp-binding protein metabolism']",Subpopulation commensalism promotes Rac1-dependent invasion of single cells via laminin-332.,"Phenotypic heterogeneity poses a significant hurdle for cancer treatment but is under-characterized in the context of tumor invasion. Amidst the range of phenotypic heterogeneity across solid tumor types, collectively invading cells and single cells have been extensively characterized as independent modes of invasion, but their intercellular interactions have rarely been explored. Here, we isolated collectively invading cells and single cells from the heterogeneous 4T1 cell line and observed extensive transcriptional and epigenetic diversity across these subpopulations. By integrating these datasets, we identified laminin-332 as a protein complex exclusively secreted by collectively invading cells. Live-cell imaging revealed that laminin-332 derived from collectively invading cells increased the velocity and directionality of single cells. Despite collectively invading and single cells having similar expression of the integrin α6β4 dimer, single cells demonstrated higher Rac1 activation upon laminin-332 binding to integrin α6β4. This mechanism suggests a novel commensal relationship between collectively invading and single cells, wherein collectively invading cells promote the invasive potential of single cells through a laminin-332/Rac1 axis."
2023,PloS one,PLoS One. 2023 Oct 11;18(10):e0292554. doi: 10.1371/journal.pone.0292554. ,"['Khatib, Tala O', 'Amanso, Angelica M', 'Knippler, Christina M', 'Pedro, Brian', 'Summerbell, Emily R', 'Zohbi, Najdat M', 'Konen, Jessica M', 'Mouw, Janna K', 'Marcus, Adam I']","[' multiomics', 'flow cytometry methods', 'phenotype', ' genomics', 'cell communication']",A live-cell platform to isolate phenotypically defined subpopulations for spatial multi-omic profiling.,"Numerous techniques have been employed to deconstruct the heterogeneity observed in normal and diseased cellular populations, including single cell RNA sequencing, in situ hybridization, and flow cytometry. While these approaches have revolutionized our understanding of heterogeneity, in isolation they cannot correlate phenotypic information within a physiologically relevant live-cell state with molecular profiles. This inability to integrate a live-cell phenotype-such as invasiveness, cell:cell interactions, and changes in spatial positioning-with multi-omic data creates a gap in understanding cellular heterogeneity. We sought to address this gap by employing lab technologies to design a detailed protocol, termed Spatiotemporal Genomic and Cellular Analysis (SaGA), for the precise imaging-based selection, isolation, and expansion of phenotypically distinct live cells. This protocol requires cells expressing a photoconvertible fluorescent protein and employs live cell confocal microscopy to photoconvert a user-defined single cell or set of cells displaying a phenotype of interest. The total population is then extracted from its microenvironment, and the optically highlighted cells are isolated using fluorescence activated cell sorting. SaGA-isolated cells can then be subjected to multi-omics analysis or cellular propagation for in vitro or in vivo studies. This protocol can be applied to a variety of conditions, creating protocol flexibility for user-specific research interests. The SaGA technique can be accomplished in one workday by non-specialists and results in a phenotypically defined cellular subpopulations for integration with multi-omics techniques. We envision this approach providing multi-dimensional datasets exploring the relationship between live cell phenotypes and multi-omic heterogeneity within normal and diseased cellular populations."
2023 Mar 1,bioRxiv : the preprint server for biology,bioRxiv [Preprint]. 2023 Mar 1:2023.02.28.530493. doi: 10.1101/2023.02.28.530493.,"['Khatib, Tala O', 'Amanso, Angelica M', 'Pedro, Brian', 'Knippler, Christina M', 'Summerbell, Emily R', 'Zohbi, Najdat M', 'Konen, Jessica M', 'Mouw, Janna K', 'Marcus, Adam I']",[],A live-cell platform to isolate phenotypically defined subpopulations for spatial multi-omic profiling.,"Numerous techniques have been employed to deconstruct the heterogeneity observed in normal and diseased cellular populations, including single cell RNA sequencing, in situ hybridization, and flow cytometry. While these approaches have revolutionized our understanding of heterogeneity, in isolation they cannot correlate phenotypic information within a physiologically relevant live-cell state, with molecular profiles. This inability to integrate a historical live-cell phenotype, such as invasiveness, cell:cell interactions, and changes in spatial positioning, with multi-omic data, creates a gap in understanding cellular heterogeneity. We sought to address this gap by employing lab technologies to design a detailed protocol, termed Spatiotemporal Genomics and Cellular Analysis (SaGA), for the precise imaging-based selection, isolation, and expansion of phenotypically distinct live-cells. We begin with cells stably expressing a photoconvertible fluorescent protein and employ live cell confocal microscopy to photoconvert a user-defined single cell or set of cells displaying a phenotype of interest. The total population is then extracted from its microenvironment, and the optically highlighted cells are isolated using fluorescence activated cell sorting. SaGA-isolated cells can then be subjected to multi-omics analysis or cellular propagation for in vitro or in vivo studies. This protocol can be applied to a variety of conditions, creating protocol flexibility for user-specific research interests. The SaGA technique can be accomplished in one workday by non-specialists and results in a phenotypically defined cellular subpopulation for integration with multi-omics techniques. We envision this approach providing multi-dimensional datasets exploring the relationship between live-cell phenotype and multi-omic heterogeneity within normal and diseased cellular populations."
2021 Feb,Molecular cancer therapeutics,Mol Cancer Ther. 2021 Feb;20(2):274-283. doi: 10.1158/1535-7163.MCT-20-0567. Epub ,"['Jin, Rui', 'Liu, Boxuan', 'Liu, Xiuju', 'Fan, Yijian', 'Peng, Wei', 'Huang, Chunzi', 'Marcus, Adam', 'Sica, Gabriel', 'Gilbert-Ross, Melissa', 'Liu, Yuan', 'Zhou, Wei']","['enzyme inhibitors pharmacology  therapeutic use', 'humans', 'immune tolerance  immunology', 'leflunomide pharmacology  therapeutic use', 'neoplasm metastasis', 'neoplasms  drug therapy pathology']",Leflunomide Suppresses the Growth of LKB1-Inactivated Tumors in the Immune-Competent Host and Attenuates Distant Cancer Metastasis.,"Liver kinase B1 (LKB1)-inactivated tumors are vulnerable to the disruption of pyrimidine metabolism, and leflunomide emerges as a therapeutic candidate because its active metabolite, A77-1726, inhibits dihydroorotate dehydrogenase, which is essential for de novo pyrimidine biosynthesis. However, it is unclear whether leflunomide inhibits LKB1-inactivated tumors in vivo, and whether its inhibitory effect on the immune system will promote tumor growth. Here, we carried out a comprehensive analysis of leflunomide treatment in various LKB1-inactivated murine xenografts, patient-derived xenografts, and genetically engineered mouse models. We also generated a mouse tumor-derived cancer cell line, WRJ388, that could metastasize to the lung within a month after subcutaneous implantation in all animals. This model was used to assess the ability of leflunomide to control distant metastasis. Leflunomide treatment shrank a HeLa xenograft and attenuated the growth of an H460 xenograft, a patient-derived xenograft, and lung adenocarcinoma in the immune-competent genetically engineered mouse models. Interestingly, leflunomide suppressed tumor growth through at least three different mechanisms. It caused apoptosis in HeLa cells, induced G(1) cell-cycle arrest in H460 cells, and promoted S-phase cell-cycle arrest in WRJ388 cells. Finally, leflunomide treatment prevented lung metastasis in 78% of the animals in our novel lung cancer metastasis model. In combination, these results demonstrated that leflunomide utilizes different pathways to suppress the growth of LKB1-inactivated tumors, and it also prevents cancer metastasis at distant sites. Therefore, leflunomide should be evaluated as a therapeutic agent for tumors with LKB1 inactivation."
2020 Jul 1,Cancer,Cancer. 2020 Jul 1;126(13):3140-3150. doi: 10.1002/cncr.32903. Epub 2020 Apr 21.,"['Pedro, Brian', 'Rupji, Manali', 'Dwivedi, Bhakti', 'Kowalski, Jeanne', 'Konen, Jessica M', 'Owonikoko, Taofeek K', 'Ramalingam, Suresh S', 'Vertino, Paula M', 'Marcus, Adam I']","['adult', 'aged', 'aged, 80 and over', 'biomarkers, tumor  genetics', 'carcinoma, non-small-cell lung diagnosis  genetics pathology', 'cell lineage  genetics', 'chromosomes, human, pair 16 genetics', 'female', 'gene expression regulation, neoplastic genetics', 'humans', 'male', 'middle aged', 'multigene family genetics', 'mutation genetics', 'neoplasm invasiveness genetics', 'neoplasm proteins  genetics', 'progression-free survival', 'sequence analysis, rna', 'hepatocellular carcinoma', 'leader cells', 'lung cancer', 'mutations', 'survival']",Prognostic significance of an invasive leader cell-derived mutation cluster on chromosome 16q.,"BACKGROUND: Intratumoral heterogeneity is defined by subpopulations with varying genotypes and phenotypes. Specialized, highly invasive leader cells and less invasive follower cells are phenotypically distinct subpopulations that cooperate during collective cancer invasion. Because leader cells are a rare subpopulation that would be missed by bulk sequencing, a novel image-guided genomics platform was used to precisely select this subpopulation. This study identified a novel leader cell mutation signature and tested its ability to predict prognosis in non-small cell lung cancer (NSCLC) patient cohorts. METHODS: Spatiotemporal genomic and cellular analysis was used to isolate and perform RNA sequencing on leader and follower populations from the H1299 NSCLC cell line, and it revealed a leader-specific mutation cluster on chromosome 16q. Genomic data from patients with lung squamous cell carcinoma (LUSC; n = 475) and lung adenocarcinoma (LUAD; n = 501) from The Cancer Genome Atlas were stratified by 16q mutation cluster (16qMC) status (16qMC+ vs 16qMC-) and compared for overall survival (OS), progression-free survival (PFS), and gene set enrichment analysis (GSEA). RESULTS: Poorer OS, poorer PFS, or both were found across all stages and among early-stage patients with 16qMC+ tumors within the LUSC and LUAD cohorts. GSEA revealed 16qMC+ tumors to be enriched for the expression of metastasis- and survival-associated gene sets. CONCLUSIONS: This represents the first leader cell mutation signature identified in patients and has the potential to better stratify high-risk NSCLC and ultimately improve patient outcomes."
2019 Oct 9,Journal of cell science,J Cell Sci. 2019 Oct 9;132(19):jcs231514. doi: 10.1242/jcs.231514.,"['Zoeller, Elizabeth L', 'Pedro, Brian', 'Konen, Jessica', 'Dwivedi, Bhakti', 'Rupji, Manali', 'Sundararaman, Niveda', 'Wang, Lei', 'Horton, John R', 'Zhong, Chaojie', 'Barwick, Benjamin G', 'Cheng, Xiaodong', 'Martinez, Elisabeth D', 'Torres, Matthew P', 'Kowalski, Jeanne', 'Marcus, Adam I', 'Vertino, Paula M']","['blotting, western', 'carcinoma, non-small-cell lung  genetics pathology', 'cell line, tumor', 'cell proliferation genetics physiology', 'genetic heterogeneity', 'genomics', 'humans', 'lung neoplasms  genetics pathology', 'microscopy', 'neoplasm invasiveness  genetics pathology', 'rna-seq', 'epigenetic', 'lung cancer', 'metastasis', 'mutation', 'plasticity', 'rna-seq']",Genetic heterogeneity within collective invasion packs drives leader and follower cell phenotypes.,"Collective invasion, the coordinated movement of cohesive packs of cells, has become recognized as a major mode of metastasis for solid tumors. These packs are phenotypically heterogeneous and include specialized cells that lead the invasive pack and others that follow behind. To better understand how these unique cell types cooperate to facilitate collective invasion, we analyzed transcriptomic sequence variation between leader and follower populations isolated from the H1299 non-small cell lung cancer cell line using an image-guided selection technique. We now identify 14 expressed mutations that are selectively enriched in leader or follower cells, suggesting a novel link between genomic and phenotypic heterogeneity within a collectively invading tumor cell population. Functional characterization of two phenotype-specific candidate mutations showed that ARP3 enhances collective invasion by promoting the leader cell phenotype and that wild-type KDM5B suppresses chain-like cooperative behavior. These results demonstrate an important role for distinct genetic variants in establishing leader and follower phenotypes and highlight the necessity of maintaining a capacity for phenotypic plasticity during collective cancer invasion."
2019 Mar,Advanced biosystems,Adv Biosyst. 2019 Mar;3(3):e1800328. doi: 10.1002/adbi.201800328. Epub 2019 Jan ,"['Birmingham, Katherine G', ""O'Melia, Meghan J"", 'Ban, Dongjo', 'Mouw, Janna', 'Edwards, Erin E', 'Marcus, Adam I', 'McDonald, John', 'Thomas, Susan N']","['animals', 'cell adhesion  physiology', ' cell adhesion molecules analysis chemistry metabolism', 'cell line, tumor', 'chromatography  instrumentation', 'colonic neoplasms chemistry metabolism', 'e-selectin', 'equipment design', 'humans', 'mice', 'mice, scid', 'microfluidic analytical techniques  instrumentation', 'neoplasm metastasis  physiopathology', 'phenotype', 'e-selectin', 'colon cancer', 'metastasis', 'microfluidic', 'sialyl lewis x']",Analyzing Mechanisms of Metastatic Cancer Cell Adhesive Phenotype Leveraging Preparative Adhesion Chromatography Microfluidic.,"An integrated, parallel-plate microfluidic device is engineered to interrogate and fractionate cells based on their adhesivity to a substrate surface functionalized with adhesive ligand in a tightly controlled flow environment to elucidate associated cell-intrinsic pathways. Wall shear stress levels and endothelial presentation of E-selectin are modeled after the inflamed vasculature microenvironment in order to simulate in vitro conditions under which in vivo hematogenous metastasis occurs. Based on elution time from the flow channel, the collection of separate fractions of cells-noninteracting and interacting-at high yields and viabilities enables multiple postperfusion analyses, including flow cytometry, in vivo metastasis modeling, and transcriptomic analysis. This platform enables the interrogation of flow-regulated cell molecular profiles, such as (co)expression levels of natively expressed selectin ligands sLe(x) , CD44, and carcinoembryonic antigen, and cancer stem cell marker CD24. This additionally reveals E-selectin adhesivity exhibited by metastatic human colon carcinoma cells to be a transient phenotype. Facile and rapid, this methodology for unbiased, label free sorting of large populations of cells based on their adhesion in flow represents a method of studying flow-regulated adhesion in vitro for the identification of molecular drug targets for development as antimetastatic cancer therapeutics."
2019,PloS one,PLoS One. 2019 Feb 26;14(2):e0206309. doi: 10.1371/journal.pone.0206309. ,"['Owonikoko, Taofeek K', 'Zhang, Guojing', 'Lallani, Shenila B', 'Chen, Zhengjia', 'Martinson, Deborah E', 'Khuri, Fadlo R', 'Lonial, Sagar', 'Marcus, Adam', 'Sun, Shi-Yong']","['animals', 'antineoplastic agents  pharmacology', 'cell line, tumor', 'drug screening assays, antitumor', 'everolimus  pharmacology', 'female', 'humans', 'mice, scid', 'neuroendocrine tumors drug therapy', 'proto-oncogene proteins c-akt metabolism', 'rats, nude', 'receptors, somatostatin metabolism', 'somatostatin  analogs & derivatives pharmacology', 'tor serine-threonine kinases antagonists & inhibitors', 'thyroid neoplasms  drug therapy metabolism pathology']",Evaluation of preclinical efficacy of everolimus and pasireotide in thyroid cancer cell lines and xenograft models.,"BACKGROUND: Signaling through mTOR and somatostatin pathway is implicated in thyroid cancer development. METHOD: We evaluated everolimus, an mTOR inhibitor and pasireotide, a multi receptor somatostatin analogue as potential therapy of thyroid cancer focusing on the in vitro and in vivo efficacy, as well as possible mechanism to explain any observed interaction. RESULTS: Both everolimus and pasireotide inhibit the growth of thyroid cancer cell lines in vitro with varied efficacy that correlates with tumor origin and somatostatin receptor (SSTR) expression profile of the cell lines. In vitro activity of everolimus show positive correlation with the expression of SSTR types 1, 4 and 5 (CC: 0.9; 0.85, 0.87) while pasireotide activity show negative correlation with SSTR2 (CC: -0.87). Although there is greater modulation of pS6 when pasireotide is combined with everolimus, there is no significant abrogation of the expected feedback upregulation of AKT induced by everolimus. Also, the combination is not significantly better than each agent alone in short and long term in vitro assays. Continuous administration of everolimus at a low dose as opposed to high intermittent dosing schedule has greater antitumor efficacy against thyroid cancer xenografts in vivo. Pasireotide LAR has modest in vivo efficacy and the combination of everolimus and pasireotide LAR achieve greater tumor growth inhibition than each agent alone in TPC-1 xenograft model of thyroid cancer (p = 0.048). CONCLUSION: Our findings provide support for the clinical evaluation of everolimus and pasireotide in thyroid cancer and other neuroendocrine tumors."
2018 May,PLoS computational biology,PLoS Comput Biol. 2018 May 24;14(5):e1006131. doi: 10.1371/journal.pcbi.1006131. ,"['Haney, Seth', 'Konen, Jessica', 'Marcus, Adam I', 'Bazhenov, Maxim']","[' carcinoma, non-small-cell lung genetics metabolism', 'cell line, tumor', 'computational biology', 'ecosystem', 'humans', ' lung neoplasms genetics metabolism', 'microscopy, fluorescence', ' models, biological', 'signal transduction', ' tumor microenvironment genetics physiology']",The complex ecosystem in non small cell lung cancer invasion.,"Many tumors are characterized by genetic instability, producing an assortment of genetic variants of tumor cells called subclones. These tumors and their surrounding environments form complex multi-cellular ecosystems, where subclones compete for resources and cooperate to perform multiple tasks, including cancer invasion. Our recent empirical studies revealed existence of such distinct phenotypes of cancer cells, leaders and followers, in lung cancer. These two cellular subclones exchange a complex array of extracellular signals demonstrating a symbiotic relationship at the cellular level. Here, we develop a computational model of the microenvironment of the lung cancer ecosystem to explore how the interactions between subclones can advance or inhibit invasion. We found that, due to the complexity of the ecosystem, invasion may have very different dynamics characterized by the different levels of aggressiveness. By altering the signaling environment, we could alter the ecological relationship between the cell types and the overall ecosystem development. Competition between leader and follower cell populations (defined by the limited amount of resources), positive feedback within the leader cell population (controlled by the focal adhesion kinase and fibronectin signaling), and impact of the follower cells to the leaders (represented by yet undetermined proliferation signal) all had major effects on the outcome of the collective dynamics. Specifically, our analysis revealed a class of tumors (defined by the strengths of fibronectin signaling and competition) that are particularly sensitive to manipulations of the signaling environment. These tumors can undergo irreversible changes to the tumor ecosystem that outlast the manipulations of feedbacks and have a profound impact on invasive potential. Our study predicts a complex division of labor between cancer cell subclones and suggests new treatment strategies targeting signaling within the tumor ecosystem."
2018 May 8,Scientific reports,Sci Rep. 2018 May 8;8(1):7248. doi: 10.1038/s41598-018-25337-4.,"['Hou, Yue', 'Konen, Jessica', 'Brat, Daniel J', 'Marcus, Adam I', 'Cooper, Lee A D']","['carcinoma, non-small-cell lung  diagnostic imaging pathology', ' cell culture techniques', 'cell proliferation genetics', 'humans', 'neoplasm invasiveness genetics pathology', ' software', 'spheroids, cellular  pathology']",TASI: A software tool for spatial-temporal quantification of tumor spheroid dynamics.,"Spheroid cultures derived from explanted cancer specimens are an increasingly utilized resource for studying complex biological processes like tumor cell invasion and metastasis, representing an important bridge between the simplicity and practicality of 2-dimensional monolayer cultures and the complexity and realism of in vivo animal models. Temporal imaging of spheroids can capture the dynamics of cell behaviors and microenvironments, and when combined with quantitative image analysis methods, enables deep interrogation of biological mechanisms. This paper presents a comprehensive open-source software framework for Temporal Analysis of Spheroid Imaging (TASI) that allows investigators to objectively characterize spheroid growth and invasion dynamics. TASI performs spatiotemporal segmentation of spheroid cultures, extraction of features describing spheroid morpho-phenotypes, mathematical modeling of spheroid dynamics, and statistical comparisons of experimental conditions. We demonstrate the utility of this tool in an analysis of non-small cell lung cancer spheroids that exhibit variability in metastatic and proliferative behaviors."
2018 Jan 15,Clinical cancer research : an official journal of the American Association for ,Clin Cancer Res. 2018 Jan 15;24(2):420-432. doi: 10.1158/1078-0432.CCR-17-1776. ,"['Richardson, Alessandra M', 'Havel, Lauren S', 'Koyen, Allyson E', 'Konen, Jessica M', 'Shupe, John', 'Wiles, W G 4th', 'Martin, W David', 'Grossniklaus, Hans E', 'Sica, Gabriel', 'Gilbert-Ross, Melissa', 'Marcus, Adam I']","['amp-activated protein kinase kinases', 'adenocarcinoma of lung  genetics metabolism  pathology', 'animals', 'biomarkers, tumor', 'cancer-associated fibroblasts  metabolism pathology', 'cell communication', 'cell line, tumor', 'disease models, animal', 'epithelial-mesenchymal transition  genetics', 'gene expression', 'humans', 'immunohistochemistry', 'mice, knockout', 'neoplasm metastasis', 'protein serine-threonine kinases genetics', 'proto-oncogene proteins p21(ras) genetics', 'vimentin  genetics metabolism', 'xenograft model antitumor assays']",Vimentin Is Required for Lung Adenocarcinoma Metastasis via Heterotypic Tumor Cell-Cancer-Associated Fibroblast Interactions during Collective Invasion.,"Purpose: Vimentin is an epithelial-to-mesenchymal transition (EMT) biomarker and intermediate filament protein that functions during cell migration to maintain structure and motility. Despite the abundance of clinical data linking vimentin to poor patient outcome, it is unclear if vimentin is required for metastasis or is a correlative biomarker. We developed a novel genetically engineered mouse model (GEMM) to probe vimentin in lung adenocarcinoma metastasis.Experimental Design: We used the LSL-Kras(G12D)/Lkb1(fl/fl)/Vim(-/-) model (KLV(-/-)), which incorporates a whole-body knockout of vimentin and is derived from the Cre-dependent LSL-Kras(G12D)/Lkb1(fl/fl) model (KLV(+/+)). We compared the metastatic phenotypes of the GEMMs and analyzed primary tumors from the KLV models and lung adenocarcinoma patients to assess vimentin expression and function.Results: Characterization of KLV(+/+) and KLV(-/-) mice shows that although vimentin is not required for primary lung tumor growth, vimentin is required for metastasis, and vimentin loss generates lower grade primary tumors. Interestingly, in the KLV(+/+) mice, vimentin was not expressed in tumor cells but in cancer-associated fibroblasts (CAFs) surrounding collective invasion packs ("
2017 Jun 1,Cancer research,Cancer Res. 2017 Jun 1;77(11):3001-3012. doi: 10.1158/0008-5472.CAN-16-2356. Epub ,"['Li, Rui', 'Ding, Chunyong', 'Zhang, Jun', 'Xie, Maohua', 'Park, Dongkyoo', 'Ding, Ye', 'Chen, Guo', 'Zhang, Guojing', 'Gilbert-Ross, Melissa', 'Zhou, Wei', 'Marcus, Adam I', 'Sun, Shi-Yong', 'Chen, Zhuo G', 'Sica, Gabriel L', 'Ramalingam, Suresh S', 'Magis, Andrew T', 'Fu, Haian', 'Khuri, Fadlo R', 'Curran, Walter J', 'Owonikoko, Taofeek K', 'Shin, Dong M', 'Zhou, Jia', 'Deng, Xingming']","['animals', 'cell line, tumor', 'cell proliferation', 'disease models, animal', 'humans', 'lung neoplasms  genetics pathology', 'mice', 'models, structural', 'phosphorylation', 'signal transduction', 'tor serine-threonine kinases  genetics  metabolism', 'bcl-2-associated x protein  genetics  metabolism']",Modulation of Bax and mTOR for Cancer Therapeutics.,"A rationale exists for pharmacologic manipulation of the serine (S)184 phosphorylation site of the proapoptotic Bcl2 family member Bax as an anticancer strategy. Here, we report the refinement of the Bax agonist SMBA1 to generate CYD-2-11, which has characteristics of a suitable clinical lead compound. CYD-2-11 targeted the structural pocket proximal to S184 in the C-terminal region of Bax, directly activating its proapoptotic activity by inducing a conformational change enabling formation of Bax homooligomers in mitochondrial membranes. In murine models of small-cell and non-small cell lung cancers, including patient-derived xenograft and the genetically engineered mutant KRAS-driven lung cancer models, CYD-2-11 suppressed malignant growth without evident significant toxicity to normal tissues. In lung cancer patients treated with mTOR inhibitor RAD001, we observed enhanced S184 Bax phosphorylation in lung cancer cells and tissues that inactivates the propaoptotic function of Bax, contributing to rapalog resistance. Combined treatment of CYD-2-11 and RAD001 in murine lung cancer models displayed strong synergistic activity and overcame rapalog resistance in vitro and in vivo Taken together, our findings provide preclinical evidence for a pharmacologic combination of Bax activation and mTOR inhibition as a rational strategy to improve lung cancer treatment. Cancer Res; 77(11); 3001-12. ©2017 AACR."
2017 Mar 9,JCI insight,JCI Insight. 2017 Mar 9;2(5):e90487. doi: 10.1172/jci.insight.90487.,"['Gilbert-Ross, Melissa', 'Konen, Jessica', 'Koo, Junghui', 'Shupe, John', 'Robinson, Brian S', 'Wiles, Walter Guy 4th', 'Huang, Chunzi', 'Martin, W David', 'Behera, Madhusmita', 'Smith, Geoffrey H', 'Hill, Charles E', 'Rossi, Michael R', 'Sica, Gabriel L', 'Rupji, Manali', 'Chen, Zhengjia', 'Kowalski, Jeanne', 'Kasinski, Andrea L', 'Ramalingam, Suresh S', 'Fu, Haian', 'Khuri, Fadlo R', 'Zhou, Wei', 'Marcus, Adam I']","['amp-activated protein kinase kinases', 'adenocarcinoma  genetics', 'animals', 'enzyme activation', 'focal adhesion protein-tyrosine kinases antagonists & inhibitors  metabolism', 'humans', 'lung neoplasms  genetics', 'mice', ' mutation', 'protein kinase inhibitors pharmacology', 'protein serine-threonine kinases  genetics metabolism', 'proto-oncogene proteins p21(ras)  genetics', ' signal transduction']","Targeting adhesion signaling in KRAS, LKB1 mutant lung adenocarcinoma.","Loss of LKB1 activity is prevalent in KRAS mutant lung adenocarcinoma and promotes aggressive and treatment-resistant tumors. Previous studies have shown that LKB1 is a negative regulator of the focal adhesion kinase (FAK), but in vivo studies testing the efficacy of FAK inhibition in LKB1 mutant cancers are lacking. Here, we took a pharmacologic approach to show that FAK inhibition is an effective early-treatment strategy for this high-risk molecular subtype. We established a lenti-Cre-induced Kras and Lkb1 mutant genetically engineered mouse model (KL(Lenti)) that develops 100% lung adenocarcinoma and showed that high spatiotemporal FAK activation occurs in collective invasive cells that are surrounded by high levels of collagen. Modeling invasion in 3D, loss of Lkb1, but not p53, was sufficient to drive collective invasion and collagen alignment that was highly sensitive to FAK inhibition. Treatment of early, stage-matched KL(Lenti) tumors with FAK inhibitor monotherapy resulted in a striking effect on tumor progression, invasion, and tumor-associated collagen. Chronic treatment extended survival and impeded local lymph node spread. Lastly, we identified focally upregulated FAK and collagen-associated collective invasion in KRAS and LKB1 comutated human lung adenocarcinoma patients. Our results suggest that patients with LKB1 mutant tumors should be stratified for early treatment with FAK inhibitors."
2017 Feb 16,Nature communications,Nat Commun. 2017 Feb 16;8:14356. doi: 10.1038/ncomms14356.,"['Li, Zenggang', 'Ivanov, Andrei A', 'Su, Rina', 'Gonzalez-Pecchi, Valentina', 'Qi, Qi', 'Liu, Songlin', 'Webber, Philip', 'McMillan, Elizabeth', 'Rusnak, Lauren', 'Pham, Cau', 'Chen, Xiaoqian', 'Mo, Xiulei', 'Revennaugh, Brian', 'Zhou, Wei', 'Marcus, Adam', 'Harati, Sahar', 'Chen, Xiang', 'Johns, Margaret A', 'White, Michael A', 'Moreno, Carlos', 'Cooper, Lee A D', 'Du, Yuhong', 'Khuri, Fadlo R', 'Fu, Haian']","['amp-activated protein kinase kinases', 'cell cycle proteins', 'cell line, tumor', 'cell survival drug effects', 'cyclin-dependent kinase 4 genetics metabolism', 'databases, protein', 'gene expression regulation, neoplastic  drug effects  genetics', 'gene regulatory networks  drug effects  genetics', 'genes, tumor suppressor drug effects', 'genes, myc genetics', 'genomics', 'histone-lysine n-methyltransferase genetics metabolism', 'humans', 'lung neoplasms drug therapy genetics metabolism', 'molecular targeted therapy', 'neoplasm proteins genetics metabolism', 'nuclear proteins genetics metabolism', 'oncogenes  drug effects  genetics physiology', 'protein interaction domains and motifs  drug effects  genetics physiology', 'protein interaction mapping', 'protein kinase inhibitors pharmacology', 'protein serine-threonine kinases genetics metabolism', 'protein stability', 'signal transduction drug effects genetics', 'transcription factors genetics metabolism', 'tumor suppressor proteins genetics metabolism']",The OncoPPi network of cancer-focused protein-protein interactions to inform biological insights and therapeutic strategies.,"As genomics advances reveal the cancer gene landscape, a daunting task is to understand how these genes contribute to dysregulated oncogenic pathways. Integration of cancer genes into networks offers opportunities to reveal protein-protein interactions (PPIs) with functional and therapeutic significance. Here, we report the generation of a cancer-focused PPI network, termed OncoPPi, and identification of >260 cancer-associated PPIs not in other large-scale interactomes. PPI hubs reveal new regulatory mechanisms for cancer genes like MYC, STK11, RASSF1 and CDK4. As example, the NSD3 (WHSC1L1)-MYC interaction suggests a new mechanism for NSD3/BRD4 chromatin complex regulation of MYC-driven tumours. Association of undruggable tumour suppressors with drug targets informs therapeutic options. Based on OncoPPi-derived STK11-CDK4 connectivity, we observe enhanced sensitivity of STK11-silenced lung cancer cells to the FDA-approved CDK4 inhibitor palbociclib. OncoPPi is a focused PPI resource that links cancer genes into a signalling network for discovery of PPI targets and network-implicated tumour vulnerabilities for therapeutic interrogation."
2017 Jan 3,Scientific reports,Sci Rep. 2017 Jan 3;7:39498. doi: 10.1038/srep39498.,"['Lee, Byoungkoo', 'Konen, Jessica', 'Wilkinson, Scott', 'Marcus, Adam I', 'Jiang, Yi']","['amp-activated protein kinase kinases', 'carcinoma, non-small-cell lung metabolism  pathology', 'cell line, tumor', 'collagen  metabolism', 'data interpretation, statistical', 'extracellular matrix metabolism  pathology', 'humans', 'image processing, computer-assisted', 'microscopy, fluorescence, multiphoton  methods', 'protein serine-threonine kinases metabolism']",Local alignment vectors reveal cancer cell-induced ECM fiber remodeling dynamics.,"Invasive cancer cells interact with the surrounding extracellular matrix (ECM), remodeling ECM fiber network structure by condensing, degrading, and aligning these fibers. We developed a novel local alignment vector analysis method to quantitatively measure collagen fiber alignment as a vector field using Circular Statistics. This method was applied to human non-small cell lung carcinoma (NSCLC) cell lines, embedded as spheroids in a collagen gel. Collagen remodeling was monitored using second harmonic generation imaging under normal conditions and when the LKB1-MARK1 pathway was disrupted through RNAi-based approaches. The results showed that inhibiting LKB1 or MARK1 in NSCLC increases the collagen fiber alignment and captures outward alignment vectors from the tumor spheroid, corresponding to high invasiveness of LKB1 mutant cancer cells. With time-lapse imaging of ECM micro-fiber morphology, the local alignment vector can measure the dynamic signature of invasive cancer cell activity and cell-migration-induced ECM and collagen remodeling and realigning dynamics."
2016 Aug 30,Oncotarget,Oncotarget. 2016 Aug 30;7(35):56958-56975. doi: 10.18632/oncotarget.10925.,"['Okura, Hidehiro', 'Golbourn, Brian J', 'Shahzad, Uswa', 'Agnihotri, Sameer', 'Sabha, Nesrin', 'Krieger, Jonathan R', 'Figueiredo, Carlyn A', 'Chalil, Alan', 'Landon-Brace, Natalie', 'Riemenschneider, Alexandra', 'Arai, Hajime', 'Smith, Christian A', 'Xu, Songli', 'Kaluz, Stefan', 'Marcus, Adam I', 'Van Meir, Erwin G', 'Rutka, James T']","['animals', 'brain neoplasms metabolism pathology', 'cell adhesion', 'cell line, tumor', 'cell movement', 'cell survival', 'disease progression', 'disease-free survival', 'doxycycline chemistry', 'focal adhesion kinase 1 metabolism', 'gene expression regulation, neoplastic', 'genes, dominant', 'glioblastoma  metabolism pathology', 'glioma metabolism pathology', 'humans', 'mice', ' neoplasm invasiveness', 'neoplasm transplantation', 'phenotype', 'phosphorylation', 'pseudopodia metabolism', 'rna, small interfering metabolism', 'cdc42 gtp-binding protein  metabolism', 'ras gtpase-activating proteins metabolism', 'iqgap1 and pfak', 'cdc42', 'glioblastoma', 'invasion', 'migration']",A role for activated Cdc42 in glioblastoma multiforme invasion.,"Cdc42 is a Rho-GTPase which plays a major role in regulating cell polarity and migration by specifying the localization of filopodia. However, the role of Cdc42 in GBM invasion has not been thoroughly investigated. We generated stable doxycycline-inducible clones expressing wild type (WT)-, constitutively active (CA)-, and dominant negative (DN)-Cdc42 in three different human glioma cell lines. Expression of CA-Cdc42 significantly increased the migration and invasive properties of malignant glioma cells compared to WT and DN-Cdc42 cell clones, and this was accompanied by a greater number of filopodia and focal adhesion structures which co-localize with phosphorylated focal adhesion kinase (FAK). By mass spectrometry and immunoprecipitation studies, we demonstrated that activated Cdc42 binds to IQGAP1. When implanted orthotopically in mice, the CA-Cdc42 expressing glioma cells exhibited enhanced local migration and invasion, and led to larger tumors, which significantly reduced survival. Using the Cancer Genome Atlas dataset, we determined that high Cdc42 expression is associated with poorer progression free survival, and that Cdc42 expression is highest in the proneural and neural subgroups of GBM. In summary, our studies demonstrate that activated Cdc42 is a critical determinant of the migratory and invasive phenotype of malignant gliomas, and that its effect may be mediated, at least in part, through its interaction with IQGAP1 and phosphorylated FAK."
2016 Apr 1,Molecular biology of the cell,Mol Biol Cell. 2016 Apr 1;27(7):1069-84. doi: 10.1091/mbc.E15-08-0569. Epub 2016 ,"['Konen, Jessica', 'Wilkinson, Scott', 'Lee, Byoungkoo', 'Fu, Haian', 'Zhou, Wei', 'Jiang, Yi', 'Marcus, Adam I']","['amp-activated protein kinase kinases', 'adenocarcinoma metabolism  pathology', 'adenocarcinoma of lung', ' cell adhesion', ' cell polarity', 'collagen  metabolism', 'focal adhesion kinase 1', 'humans', 'lung neoplasms metabolism  pathology', 'neoplasm invasiveness', 'protein prenylation', 'protein serine-threonine kinases chemistry  metabolism', ' signal transduction', 'rhoa gtp-binding protein']",LKB1 kinase-dependent and -independent defects disrupt polarity and adhesion signaling to drive collagen remodeling during invasion.,"LKB1 is a serine/threonine kinase and a commonly mutated gene in lung adenocarcinoma. The majority of LKB1 mutations are truncations that disrupt its kinase activity and remove its C-terminal domain (CTD). Because LKB1 inactivation drives cancer metastasis in mice and leads to aberrant cell invasion in vitro, we sought to determine how compromised LKB1 function affects lung cancer cell polarity and invasion. Using three-dimensional models, we show that LKB1 kinase activity is essential for focal adhesion kinase-mediated cell adhesion and subsequent collagen remodeling but not cell polarity. Instead, cell polarity is overseen by the kinase-independent function of its CTD and more specifically its farnesylation. This occurs through a mesenchymal-amoeboid morphological switch that signals through the Rho-GTPase RhoA. These data suggest that a combination of kinase-dependent and -independent defects by LKB1 inactivation creates a uniquely invasive cell with aberrant polarity and adhesion signaling that drives invasion into the microenvironment."
2016 May 6,The Journal of biological chemistry,J Biol Chem. 2016 May 6;291(19):9991-10005. doi: 10.1074/jbc.M115.712661. Epub ,"['Coke, Christopher J', 'Scarlett, Kisha A', 'Chetram, Mahandranauth A', 'Jones, Kia J', 'Sandifer, Brittney J', 'Davis, Ahriea S', 'Marcus, Adam I', 'Hinton, Cimona V']","['animals', 'blotting, western', 'breast neoplasms drug therapy metabolism  pathology', 'cannabinoids pharmacology', 'cell movement drug effects', 'female', 'humans', 'immunoprecipitation', 'male', 'prostatic neoplasms drug therapy metabolism  pathology', ' protein multimerization', 'receptor, cannabinoid, cb2  chemistry  metabolism', 'receptors, cxcr4  chemistry  metabolism', 'tumor cells, cultured', 'cxc chemokine receptor type 4 (cxcr-4)', 'g protein-coupled receptor (gpcr)', 'cannabinoid receptor', 'dimerization', 'metastasis']",Simultaneous Activation of Induced Heterodimerization between CXCR4 Chemokine Receptor and Cannabinoid Receptor 2 (CB2) Reveals a Mechanism for Regulation of Tumor Progression.,"The G-protein-coupled chemokine receptor CXCR4 generates signals that lead to cell migration, cell proliferation, and other survival mechanisms that result in the metastatic spread of primary tumor cells to distal organs. Numerous studies have demonstrated that CXCR4 can form homodimers or can heterodimerize with other G-protein-coupled receptors to form receptor complexes that can amplify or decrease the signaling capacity of each individual receptor. Using biophysical and biochemical approaches, we found that CXCR4 can form an induced heterodimer with cannabinoid receptor 2 (CB2) in human breast and prostate cancer cells. Simultaneous, agonist-dependent activation of CXCR4 and CB2 resulted in reduced CXCR4-mediated expression of phosphorylated ERK1/2 and ultimately reduced cancer cell functions such as calcium mobilization and cellular chemotaxis. Given that treatment with cannabinoids has been shown to reduce invasiveness of cancer cells as well as CXCR4-mediated migration of immune cells, it is plausible that CXCR4 signaling can be silenced through a physical heterodimeric association with CB2, thereby inhibiting subsequent functions of CXCR4. Taken together, the data illustrate a mechanism by which the cannabinoid system can negatively modulate CXCR4 receptor function and perhaps tumor progression."
2015 Mar 10,Oncotarget,Oncotarget. 2015 Mar 10;6(7):4757-72. doi: 10.18632/oncotarget.3023.,"['Taliaferro-Smith, LaTonia', 'Oberlick, Elaine', 'Liu, Tongrui', 'McGlothen, Tanisha', 'Alcaide, Tiffanie', 'Tobin, Rachel', 'Donnelly, Siobhan', 'Commander, Rachel', 'Kline, Erik', 'Nagaraju, Ganji Purnachandra', 'Havel, Lauren', 'Marcus, Adam', 'Nahta, Rita', ""O'Regan, Ruth""]","['apoptosis', 'blotting, western', ' cell movement', ' cell proliferation', ' epithelial-mesenchymal transition', 'female', 'focal adhesion kinase 1 antagonists & inhibitors genetics  metabolism', 'humans', 'immunoenzyme techniques', 'mesenchymal stem cells metabolism  pathology', 'rna, messenger genetics', 'rna, small interfering genetics', 'real-time polymerase chain reaction', 'receptor, igf type 1 genetics  metabolism', 'reverse transcriptase polymerase chain reaction', 'triple negative breast neoplasms genetics metabolism  pathology', 'tumor cells, cultured', 'epithelial-mesenchymal transition (emt)', 'focal adhesion kinase (fak)', 'insulin-like growth factor 1 receptor (igf1r)', 'invasion', 'triple-negative breast cancers (tnbc)']","FAK activation is required for IGF1R-mediated regulation of EMT, migration, and invasion in mesenchymal triple negative breast cancer cells.","Triple negative breast cancer (TNBC) is a highly metastatic disease that currently lacks effective prevention and treatment strategies. The insulin-like growth factor 1 receptor (IGF1R) and focal adhesion kinase (FAK) signaling pathways function in numerous developmental processes, and alterations in both are linked with a number of common pathological diseases. Overexpression of IGF1R and FAK are closely associated with metastatic breast tumors. The present study investigated the interrelationship between IGF1R and FAK signaling in regulating the malignant properties of TNBC cells. Using small hairpin RNA (shRNA)-mediated IGF1R silencing methods, we showed that IGF1R is essential for sustaining mesenchymal morphologies of TNBC cells and modulates the expression of EMT-related markers. We further showed that IGF1R overexpression promotes migratory and invasive behaviors of TNBC cell lines. Most importantly, IGF1R-driven migration and invasion is predominantly mediated by FAK activation and can be suppressed using pharmacological inhibitors of FAK. Our findings in TNBC cells demonstrate a novel role of the IGF1R/FAK signaling pathway in regulating critical processes involved in the metastatic cascade. These results may improve the current understanding of the basic molecular mechanisms of TNBC metastasis and provide a strong rationale for co-targeting of IGF1R and FAK as therapy for mesenchymal TNBCs."
2014 Sep 1,Genes & diseases,Genes Dis. 2014 Sep 1;1(1):64-74. doi: 10.1016/j.gendis.2014.06.002.,"['Zhou, Wei', 'Zhang, Jun', 'Marcus, Adam I']","['tumor suppressor', 'metabolic stress', 'targeted therapy', 'tumor vulnerability']",LKB1 Tumor Suppressor: Therapeutic Opportunities Knock when LKB1 Is Inactivated.,"LKB1 is commonly thought of as a tumor suppressor gene because its hereditary mutation is responsible for a cancer syndrome, and somatic inactivation of LKB1 is found in non-small cell lung cancer, melanoma, and cervical cancers. However, unlike other tumor suppressors whose main function is to either suppress cell proliferation or promote cell death, one of the functions of LKB1-regulated AMPK signaling is to suppress cell proliferation in order to promote cell survival under energetic stress conditions. This unique, pro-survival function of LKB1 has led to the discovery of reagents, such as phenformin, that specifically exploit the vulnerability of LKB1-null cells in their defect in sensing energetic stress. Such targeted agents represent a novel treatment strategy because they induce cell killing when LKB1 is absent. This review article summarizes various vulnerabilities of LKB1-mutant cells that have been reported in the literature and discusses the potential of using existing or developing novel reagents to target cancer cells with defective LKB1."
2014,PloS one,PLoS One. 2014 Sep 15;9(9):e107124. doi: 10.1371/journal.pone.0107124. ,"['Brodie, Seth A', 'Lombardo, Courtney', 'Li, Ge', 'Kowalski, Jeanne', 'Gandhi, Khanjan', 'You, Shaojin', 'Khuri, Fadlo R', 'Marcus, Adam', 'Vertino, Paula M', 'Brandes, Johann C']","['bridged-ring compounds  therapeutic use', 'carcinoma, non-small-cell lung  drug therapy', 'caveolin 1  genetics', 'cell line, tumor', 'cpg islands', ' dna methylation', 'drug combinations', 'epithelial-mesenchymal transition genetics', 'humans', 'multivariate analysis', 'platinum compounds  therapeutic use', ' promoter regions, genetic', 'regression analysis', 'retrospective studies', 'survival analysis', 'taxoids  therapeutic use', 'treatment outcome']",Aberrant promoter methylation of caveolin-1 is associated with favorable response to taxane-platinum combination chemotherapy in advanced NSCLC.,"PURPOSE: Aberrant promoter DNA methylation can serve as a predictive biomarker for improved clinical responses to certain chemotherapeutics. One of the major advantages of methylation biomarkers is the ease of detection and clinical application. In order to identify methylation biomarkers predictive of a response to a taxane-platinum based chemotherapy regimen in advanced NSCLC we performed an unbiased methylation analysis of 1,536 CpG dinucleotides in cancer-associated gene loci and correlated results with clinical outcomes. METHODS: We studied a cohort of 49 patients (median age 62 years) with advanced NSCLC treated at the Atlanta VAMC between 1999 and 2010. Methylation analysis was done on the Illumina GoldenGate Cancer panel 1 methylation microarray platform. Methylation data were correlated with clinical response and adjusted for false discovery rates. RESULTS: Cav1 methylation emerged as a powerful predictor for achieving disease stabilization following platinum taxane based chemotherapy (p = 1.21E-05, FDR significance = 0.018176). In Cox regression analysis after multivariate adjustment for age, performance status, gender, histology and the use of bevacizumab, CAV1 methylation was significantly associated with improved overall survival (HR 0.18 (95%"
